4,101,10/03/2010,Hola Mundo.
1,102,11/05/2010,Buenos Días.
5,103,14/06/2010,¿Cómo estás?
9,104,15/08/2010,Feliz día.
2,105,23/10/2010,Semana de Estudio.
6,106,31/12/2010,Feliz año nuevo.
7,107,1/1/2011,Feliz año nuevo.
11,108,2/1/2011,Feliz año nuevo.
10,109,3/1/2011,Feliz año nuevo.
3,110,4/1/2011,Feliz año nuevo.
8,111,5/1/2011,Feliz año nuevo.
15,112,6/1/2011,Feliz año nuevo.
12,113,7/1/2011,Feliz año nuevo.
20,114,8/1/2011,Feliz año nuevo.
16,115,9/1/2011,Feliz año nuevo.
14,116,10/1/2011,Feliz año nuevo.
18,117,11/1/2011,Feliz año nuevo.
19,118,12/1/2011,Feliz año nuevo.
13,119,13/1/2011,Feliz año nuevo.
17,120,14/1/2011,Feliz año nuevo.
21,121,15/1/2011,Hola Mundo.
22,122,16/1/2011,Buenos Días.
23,123,17/1/2011,¿Cómo estás?
24,124,18/1/2011,Feliz día.
25,125,19/1/2011,Semana de Estudio.
26,126,20/1/2011,Feliz año nuevo.
27,127,21/1/2011,Feliz año nuevo.
28,128,22/1/2011,Feliz año nuevo.
29,129,23/1/2011,Feliz año nuevo.
30,130,24/1/2011,Feliz año nuevo.
31,131,25/1/2011,Feliz año nuevo.
32,132,26/1/2011,Feliz año nuevo.
33,133,27/1/2011,Feliz año nuevo.
34,134,28/1/2011,Feliz año nuevo.
35,135,29/1/2011,Feliz año nuevo.
36,136,30/1/2011,Feliz año nuevo.
37,137,31/1/2011,Feliz año nuevo.
38,138,1/2/2011,Feliz año nuevo.
39,139,2/2/2011,Feliz año nuevo.
40,140,3/2/2011,Feliz año nuevo.
41,141,4/2/2011,Feliz año nuevo.
42,142,5/2/2011,Feliz año nuevo.
43,143,6/2/2011,Feliz año nuevo.
44,144,7/2/2011,Feliz año nuevo.
45,145,8/2/2011,Feliz año nuevo.
46,146,9/2/2011,Feliz año nuevo.
47,147,10/2/2011,Feliz año nuevo.
48,148,11/2/2011,Feliz año nuevo.
49,149,12/2/2011,Feliz año nuevo.
50,150,13/2/2011,Feliz año nuevo.